x1,x2,y_type,y_score
at 91,aged 91,EQUI,5
Former Nazi death camp guard Demjanjuk,John Demjanjuk convicted Nazi death camp guard,SPE1_FACT,3
dead,dies,EQUI,5
,",",NOALI,0
,",",NOALI,0
to compete,To Compete,EQUI,5
Saudis,Saudi Women,REL,3
in Olympics,At Olympics,EQUI,5
women,Saudi Women,EQUI,5
to permit,Allowed,EQUI,5
kills,kills,EQUI,5
US drone strike,Drone strike,SPE1,4
in Pakistan,in Pakistan,EQUI,5
5 militants,four suspected militants,SIMI_FACT,4
says,,NOALI,0
",",,NOALI,0
,dashed,NOALI,0
"""",,NOALI,0
"""",,NOALI,0
,as deadline passes,NOALI,0
opposition,,NOALI,0
unacceptable,,NOALI,0
Syria peace plan conditions,Syria peace,SPE1,2
denies,,NOALI,0
Syrian regime,Syria,EQUI_POL,5
role,,NOALI,0
,of over 100,NOALI,0
in Houla massacre,for Houla massacre,EQUI,5
,rebels,NOALI,0
,blames,NOALI,0
China stocks,Chinese stocks,EQUI,5
Friday,midday Friday,SPE2,4
mixed,higher,SIMI,2
close,close,EQUI,5
,In Kenya,NOALI,0
Mall attackers,attackers,SPE1,4
used,used,EQUI,5
` less is more ' strategy,` less is more ' strategy,EQUI,5
,",",NOALI,0
,,NOALI,0
Solomon Islands,Solomon Islands,EQUI,5
strikes off,strikes off,EQUI,5
6.8 quake,Magnitude 6.3 quake,SIMI,4
,USGS,NOALI,0
recognizes,recognize,EQUI,5
,U.S.,NOALI,0
of Syria,of Syria,EQUI,5
of Syrian people,,NOALI,NIL
as legitimate representative,as sole representative,SIMI,4
Friends,Friends,EQUI,5
opposition coalition,opposition,EQUI,5
,",",NOALI,0
detained,detains,EQUI,5
for ` house sister ' scandal,for `` house sister '' scandal,EQUI,5
7,7,EQUI,5
,China,NOALI,0
takes a beating,tumbles,EQUI,5
Boeing 787 Dreamliner,on 787 Dreamliner,EQUI,5
catches fire,after fire,EQUI,5
stock,Boeing stock,EQUI,5
;,,NOALI,0
Gunmen,,NOALI,0
seven foreign workers,Seven foreign workers,EQUI,5
in Nigeria,in Nigeria,EQUI,5
abduct,kidnapped,EQUI,5
Israeli forces,security forces,EQUI,5
"in West Bank , Jerusalem",in W. Bank,EQUI,5
clash with,clash with,EQUI,5
Palestinians,Palestinians,EQUI,5
in bus accident,in road accident,SPE1,4
killed,killed,EQUI,5
12,10,SIMI,4
in Pakistan,in NW Pakistan,SPE2,4
Postpones,postpones,EQUI,5
,',NOALI,0
Family Reunions,family unions,EQUI,5
with South,with South Korea,EQUI,5
,`,NOALI,0
North Korea,North Korea,EQUI,5
From Soccer,from football,EQUI,5
Announces Retirement,retires,EQUI_FACT,5
David Beckham,David Beckham,EQUI,5
of Injuries,,NOALI,0
,`,NOALI,NIL
,',NOALI,NIL
on National Mall,on National Mall,EQUI,5
Dies,dies,EQUI,5
Man,Man,EQUI,5
Who Set Himself on Fire,who set himself ablaze,EQUI,5
Selected,is,SIMI,4
as Japan,Japan,EQUI,5
's Prime Minister,'s prime minister,EQUI,5
Shinzo Abe,Shinzo Abe,EQUI,5
after ski accident,following skiing accident,EQUI,5
,for his life,NOALI,0
Schumacher,Michael Schumacher,EQUI,5
in a coma,in a coma,EQUI,5
,still,NOALI,0
,fighting,NOALI,0
a Lance Armstrong biopic,Lance Armstrong in biopic,EQUI,5
Bradley Cooper and JJ Abrams,Bradley Cooper,SPE2,3
about filming,to play,REL,3
in talks,in talks,EQUI,5
determined,,NOALI,0
',,NOALI,0
,hold,NOALI,0
EU ministers,EU ministers,EQUI,5
`,,NOALI,0
,crisis talks,NOALI,0
horsemeat scandal,over horse meat scandal,EQUI,5
to resolve,,NOALI,0
,announces,NOALI,0
Thai opposition party,Thai opposition,EQUI,5
to boycott general election,election boycott,SPE1,4
continues,continues,EQUI,5
power crisis,blackout,EQUI,5
Jagan Reddy,Jagan,EQUI,5
,,NOALI,0
in Seemandhra,in Seemandhra,EQUI,5
,to spend,NOALI,0
to hospital,in hospital,EQUI,5
",",,NOALI,0
,Thursday,NOALI,0
shifted,,NOALI,0
,Telangana,NOALI,0
,;,NOALI,0
as Maracana re-opens,as Maracana re-opens,EQUI,5
tied,held,REL_POL,3
Brazil,Brazil,EQUI,5
2-2,2-2,EQUI,5
by England,by England,EQUI,5
warns against,weighs into,SIMI,3
bitter immigration debate,immigration debate,SPE1,4
George W. Bush,George W Bush,EQUI,5
ill,fall sick,EQUI,5
Hundreds,Hundreds,EQUI,5
of Bangladesh clothes factory workers,in Bangladesh factory,SPE1,3
conducts,launches,EQUI,5
on Syria,against Syria,EQUI,5
airstrike,new airstrike,SPE2,4
Israel,Israel,EQUI,5
',,NOALI,0
after China earthquake,in China quake,EQUI,5
`,,NOALI,0
Around 100 dead or injured,Hundreds dead or injured,SIMI,3
Killed,killed,EQUI,5
2 French Journalists,Two French journalists,EQUI,5
in Mali,in Mali,EQUI,5
in collapsed Japan tunnel,from Japan tunnel,SPE1,4
,',NOALI,0
,emits,NOALI,NIL
ablaze,left burning,EQUI,5
,as,NOALI,NIL
,smoke,NOALI,NIL
,`,NOALI,0
Vehicles,Vehicles,EQUI,5
attack,attack,EQUI,5
north Mali city,Malian troops in Gao,SPE2,3
after suicide bombings,,NOALI,0
Islamists,Islamists,EQUI,5
,,NOALI,0
,It,NOALI,NIL
approves,reached,EQUI,5
,official,NOALI,0
US Senate,,NOALI,NIL
,'s,NOALI,0
fiscal cliff deal,Deal on `` fiscal cliff '',EQUI,5
China stocks,China stocks,EQUI,5
higher,higher,EQUI,5
after economic meeting,,NOALI,0
,on Wednesday,NOALI,0
close,close,EQUI,5
Dolce and Gabbana,Dolce and Gabbana,EQUI,5
of tax evasion,in Italian Tax Case,SPE2,4
convicted,Fined,SIMI,4
on Syrian chemical arms,over Syria chemical claims,REL,3
,raises,NOALI,NIL
UK alert,West,SPE1,3
,stakes,NOALI,NIL
believed killed,dies,EQUI_FACT,5
,",",NOALI,0
,",",NOALI,0
in plane crash,in plane crash,EQUI,5
Mexican singer Jenni Rivera,Jenni Rivera Mexican music star,EQUI,5
climbs,rises,EQUI,5
to 15,to 11,SIMI,4
in Indonesia boat sinking,in Indonesia boat capsize,EQUI,5
,Indonesia,NOALI,0
Death toll,Death toll,EQUI,5
,,NOALI,0
leads,leads,EQUI,5
-,,NOALI,0
in Iran presidential vote preliminary results,in initial Iran count,EQUI,5
Rouhani,Rouhani,EQUI,5
increases security,bracing,SIMI,4
Egypt,Egypt,EQUI,5
before pro-Morsi protests,for massive protests,SPE1,4
hits,climbs,EQUI,5
death toll,death toll,EQUI,5
362,to 580,SIMI,2
Bangladesh building collapse,Bangladesh building-collapse,EQUI,5
,,NOALI,0
",",,NOALI,0
in Nevada middle school shooting,Nevada in middle school shooting,EQUI,5
2 injured,2 hurt,EQUI,5
2 dead,2 dead,EQUI,5
,",",NOALI,0
takes effect,,NOALI,0
mixed sex schools ban,in mixed-sex school ` ban ',EQUI,5
Hamas,Hamas,EQUI,5
gives,gives,EQUI,5
Russia,Russia,EQUI,5
initial OK,initial approval,EQUI,5
to American adoption ban,to adoption ban,SPE1,4
Among 7 Dead,among 7 dead,EQUI,5
Gunman,Gunman,EQUI,5
After Florida Apartment Shooting,after Fla. apartment shootout,EQUI,5
,new,NOALI,NIL
New information,after they received information,SPE1,4
an allegation,,NOALI,NIL
Murder claim over Diana 's death,Diana and Fayed death info,SPE1,4
that they were murdered,,NOALI,NIL
to the police,by police,EQUI,5
,again,NOALI,NIL
to include,,NOALI,NIL
,.,NOALI,NIL
which has been passed,,NOALI,NIL
,received,NOALI,NIL
of Princess Diana and Dodi Fayed,of Princess Diana and Dodi Al Fayed,EQUI,5
relating to,,NOALI,NIL
the deaths,The deaths,EQUI,5
,are being looked at,NOALI,NIL
is thought,,NOALI,NIL
tough stand,tough stance,EQUI,5
pledges,promises,EQUI,5
Narendra Modi,India 's Modi,EQUI,5
against Pakistan,against Pakistan,EQUI,5
gays,on gays,EQUI,5
on admitting,on lifting ban,EQUI,5
delay,delays,EQUI,5
decision,vote,SIMI,4
,of America,NOALI,NIL
Boy Scouts,Boy Scouts,EQUI,5
0.26 pc,1.53 %,SIMI,2
Tokyo stocks,Tokyo stocks,EQUI,5
close down,close down,EQUI,5
USA,U.S.,EQUI,5
in row,,NOALI,0
expels,expels,EQUI,5
Venezuela diplomats,Venezuelan diplomats,EQUI,5
,in annual profits,NOALI,NIL
but,,NOALI,NIL
,Stansted,NOALI,NIL
,but,NOALI,NIL
growth likely to slow,of slower growth,EQUI,5
reports,reports,EQUI,5
Ryanair,Ryanair,EQUI,5
warns,warns,EQUI,5
record profits,13 % rise,SPE2,3
,,NOALI,NIL
this year,this year,EQUI,5
to commemorate,,NOALI,NIL
Cambodian workers,,NOALI,NIL
' deaths,,NOALI,NIL
,summoned,NOALI,NIL
emerge,,NOALI,NIL
Opposition leaders,Cambodia opposition leaders,SPE2,4
,to court,NOALI,NIL
Commonwealth summit,Commonwealth summit,EQUI,5
Indian media,Indian PM,REL,1
,,NOALI,NIL
,snubs,NOALI,NIL
gay marriage bill,gay marriage,SPE1,4
backs,backs,EQUI,5
Yvette Cooper,White House,REL,1
,',NOALI,NIL
100 killed,9 Dead,SIMI,2
,',NOALI,NIL
in new Darfur tribal clashes,in New Darfur Tribal Clash,EQUI,5
after deadly Bangladesh building collapse,as Bangladesh building toll,SPE1,4
,to 352,NOALI,NIL
8,Four,SIMI,3
arrested,arrested,EQUI,5
,rises,NOALI,NIL
to colleges,,NOALI,NIL
Afghans,Afghan District Governor,REL,2
Taliban,To Taliban,EQUI,5
",",,NOALI,NIL
loom,,NOALI,NIL
even as,,NOALI,NIL
flock,,NOALI,NIL
,Defects,NOALI,NIL
over gay marriage,,NOALI,NIL
Generations,,NOALI,NIL
,G20 Summit,NOALI,NIL
,ends,NOALI,NIL
,over Syria,NOALI,NIL
divided,divided,EQUI,5
Taliban attacks,Series of attacks,SPE1,4
in Afghanistan,in Afghanistan,EQUI,5
kill,kill,EQUI,5
17 civilians,10 police,SIMI,3
healing,,NOALI,NIL
,return,NOALI,NIL
Texas residents,Residents,SPE1,4
seek,,NOALI,NIL
after deadly blast,to Texas blast site,SPE1,4
at church,,NOALI,NIL
,Counts,NOALI,NIL
for president,After Presidential Runoff,REL,3
to vote,Votes,SIMI,3
Mali,Mali,EQUI,5
due,,NOALI,NIL
overthrown,stepping down,SIMI,3
,",",NOALI,NIL
Central African Republic president,Central African Republic President,EQUI,5
by rebels,,NOALI,NIL
,PM,NOALI,NIL
,confirms,NOALI,NIL
,that,NOALI,NIL
,South Korea,NOALI,NIL
Russia,,NOALI,NIL
,has conducted,NOALI,NIL
condemns,,NOALI,NIL
North Korean nuclear test,North Korea controversial third nuclear test,SPE2,3
in Russian coal mine blast,in Russia coal mine blast,EQUI,5
trapped,killed,SIMI,2
18,Ten,SIMI,3
"700,000",,NOALI,NIL
five dead,,NOALI,NIL
U.S. Northeast,US Northeast,EQUI,5
",",,NOALI,NIL
",",,NOALI,NIL
Blizzard hammers,Blizzard wallops,SIMI,4
power,,NOALI,NIL
lose,,NOALI,NIL
,",",NOALI,NIL
,closes,NOALI,NIL
,roads,NOALI,NIL
New Zealand,Iran,SIMI,2
6.9 magnitude earthquake,5.6 magnitude earthquake,SIMI,3
hits,shakes,EQUI,5
,,NOALI,NIL
,,NOALI,NIL
Daily Press Briefing,Daily Press Briefing,EQUI,5
South Sudan,Syria,SIMI,2
,on U.S. adoptions,NOALI,NIL
,to consider,NOALI,NIL
on prostitution,,NOALI,NIL
of law,,NOALI,NIL
reform,,NOALI,NIL
French parliament,Russian parliament,SIMI,2
,ban,NOALI,NIL
backs,,NOALI,NIL
focuses,,NOALI,NIL
,takes control,NOALI,NIL
Israeli military,,NOALI,NIL
on northern border,,NOALI,NIL
,'s military,NOALI,NIL
,"over Muslim Brotherhood , supporters",NOALI,NIL
,Egypt,NOALI,NIL
,Egypt Youth Leader,NOALI,NIL
,Detained,NOALI,NIL
for Africa Day,,NOALI,NIL
meet,,NOALI,NIL
,for Four Days,NOALI,NIL
AU leaders,,NOALI,NIL
in prison,in prison,EQUI,5
Manning,Ariel Castro,SIMI,1
to 35 years,"to 1,000 years",SIMI,1
sentenced,sentenced,EQUI,5
of deadly Damascus nerve gas attack,,NOALI,NIL
,Iranian computer attacks,NOALI,NIL
,get,NOALI,NIL
Syria,,NOALI,NIL
denies,,NOALI,NIL
,to repel,NOALI,NIL
reports,,NOALI,NIL
,US allies,NOALI,NIL
,help,NOALI,NIL
lower,higher,OPPO,4
close,close,EQUI,5
China stocks,China stocks,EQUI,5
on Friday,on Wednesday,SIMI,3
competing,,NOALI,NIL
,the clock,NOALI,NIL
,on siestas,NOALI,NIL
,Spain,NOALI,NIL
this Christmas,,NOALI,NIL
Two Santa trackers,,NOALI,NIL
,turning back,NOALI,NIL
says,,NOALI,NIL
,for survivors,NOALI,NIL
Mayor,,NOALI,NIL
14 dead,,NOALI,NIL
in Texas fertilizer plant blast,of Texas fertiliser plant blast,EQUI,5
,Rescuers,NOALI,NIL
,search,NOALI,NIL
,sarin gas in,NOALI,NIL
?,,NOALI,NIL
Can,,NOALI,NIL
,may have used,NOALI,NIL
chemical weapons,chemical weapons,EQUI,5
,says,NOALI,NIL
the U.S.,US,EQUI,5
trust,,NOALI,NIL
Syria,Syria,EQUI,5
to hand over,,NOALI,NIL
over prisoner swap,,NOALI,NIL
,call,NOALI,NIL
convene,,NOALI,NIL
",",,NOALI,NIL
Israelis,,NOALI,NIL
,for internal probe,NOALI,NIL
,Israeli lawmakers,NOALI,NIL
Palestinians,,NOALI,NIL
,into case,NOALI,NIL
,of Prisoner X,NOALI,NIL
plan,plans,EQUI,5
polymer notes,polymer Naira notes,SPE2,3
reiterates,announces,SIMI,2
CBN,,NOALI,NIL
,Nigeria,NOALI,NIL
to phase out,to change,SIMI,2
'',,NOALI,NIL
``,,NOALI,NIL
,dies,NOALI,NIL
India gang-rape victim,Indian rape victim,SPE1,4
,in Singapore hospital,NOALI,NIL
against the odds,,NOALI,NIL
struggling,,NOALI,NIL
Yacimovich,Israel,SPE1,3
Palestinian prisoners,104 Palestinian prisoners,SPE2,4
to approve,agrees,SIMI,4
release,to free,EQUI,5
urges,,NOALI,NIL
cabinet,,NOALI,NIL
Israeli envoys,Israeli envoy,SIMI,4
,Britain,NOALI,NIL
over settlement plans,over settlements,SPE1,4
summoned,summons,EQUI,5
shot,,NOALI,NIL
,who faked death,NOALI,NIL
Man,,NOALI,NIL
,of officer,NOALI,NIL
in Leeds,,NOALI,NIL
,ouster,NOALI,NIL
,Navy panel,NOALI,NIL
arrested,,NOALI,NIL
after police officer,,NOALI,NIL
,urges,NOALI,NIL
in State of the Union,'s State of the Union speech,SPE2,2
,,NOALI,NIL
,What,NOALI,NIL
to refocus,,NOALI,NIL
,Factbox,NOALI,NIL
Obama,in Obama,EQUI,5
on economy,,NOALI,NIL
,to look for,NOALI,NIL
,,NOALI,NIL
convicted,get jail time,EQUI,5
Five,3,SIMI,4
in Kosovo organ trafficking case,Kosovo in organ trafficking case,EQUI,5
Wave of bombings,Car bombs,SPE2,3
kills,kill,EQUI,5
,at least,NOALI,NIL
15,49,SIMI,2
in Iraq,in Iraq,EQUI,5
kill,kill,EQUI,5
nine people,6 soldiers,SPE2,2
in northwest Pakistan,in northwest Pakistan,EQUI,5
Gunmen,Militants,EQUI_POL,5
after deadly Bangladesh building collapse,after Bangladesh building collapse,SPE1,4
,Workers,NOALI,NIL
8,,NOALI,NIL
arrested,,NOALI,NIL
,protest,NOALI,NIL
Snowden,Snowden,EQUI,5
asks,,NOALI,NIL
to stay,,NOALI,NIL
in Russia,,NOALI,NIL
,releases,NOALI,NIL
,first Russia video,NOALI,NIL
Thai police,,NOALI,NIL
tear gas,,NOALI,NIL
,Brazil leader,NOALI,NIL
,breaks,NOALI,NIL
,silence,NOALI,NIL
against protesters,about protests,REL,2
use,,NOALI,NIL
8,14,SIMI,3
2 car bombs,Car bombing,SPE1,4
in southern Iraq,in northern Iraq,OPPO,4
kill,kills,EQUI,5
,,NOALI,NIL
Pictures of the day,Pictures of the day,EQUI,5
,,NOALI,NIL
7 August 2013,11 April 2013,SIMI,2
's,,NOALI,NIL
vanishes,returned,OPPO,4
,safely,NOALI,NIL
from National Zoo,to National Zoo,EQUI,5
Red panda,Missing red panda,EQUI,5
Rusty,,NOALI,NIL
Where,,NOALI,NIL
?,,NOALI,NIL
6.3-magnitude earthquake,7.7-magnitude earthquake,SIMI,3
hits,hits,EQUI,5
Taiwan,SW Pakistan,SIMI,2
Heats Up,soar,SIMI,4
,"past $ 1,000",NOALI,NIL
Google and IBM Post Strong Earnings,on strong earnings,SPE1,2
,,NOALI,NIL
Tech Sector,Google shares,REL,3
,Italian journalist,NOALI,NIL
of Kenya,,NOALI,NIL
,picked,NOALI,NIL
Profiles,,NOALI,NIL
's presidential candidates,as presidential candidate,EQUI,5
in Damascus,in Iraqi capital,SIMI,2
Car bombing,Car bombings,EQUI,5
53,13 civilians,SPE2,2
kills,kill,EQUI,5
Israeli air strikes,,NOALI,NIL
condemns,,NOALI,NIL
.,,NOALI,NIL
,Series,NOALI,NIL
Syria,Iraq,SIMI,2
,of deadly attacks,NOALI,NIL
,strikes,NOALI,NIL
,fire,NOALI,NIL
Turkish PM,Turkish police,SIMI,3
urges,,NOALI,NIL
protests,at protesters,SIMI,4
to end,,NOALI,NIL
,teargas,NOALI,NIL
in Istanbul,in Istanbul,EQUI,5
of San Fermin bull-running festival,San Fermin bull-running festival,EQUI,5
by Basque flag,,NOALI,NIL
briefly,,NOALI,NIL
view,,NOALI,NIL
as,,NOALI,NIL
delayed,,NOALI,NIL
obstructed,,NOALI,NIL
Start,starts,EQUI,5
,in prison,NOALI,NIL
,to 30 months,NOALI,NIL
Former LAPD officer,Former CIA officer,SIMI,3
in Irvine slayings,,NOALI,NIL
,sentenced,NOALI,NIL
sought,,NOALI,NIL
,for info leak,NOALI,NIL
,alarming levels,NOALI,NIL
` blasphemy ' rampage answers,,NOALI,NIL
Pakistan court,Pakistan-UN report,REL,2
,of drug use,NOALI,NIL
,reveals,NOALI,NIL
demands,,NOALI,NIL
,Dallas,NOALI,0
50th anniversary,On 50th anniversary,EQUI,5
,holds,NOALI,NIL
remembered,its first memorial,SPE2,3
of JFK 's death,of JFK death,EQUI,5
,",",NOALI,0
Palestinian prisoners,of 26 Palestinian prisoners,SPE2,4
frees,approves release,SIMI,4
Israel,Gov ' t committee,SIMI,3
with Mandela family,to Mandela,REL,3
meets,meets,EQUI,5
,and,NOALI,NIL
,Zuma,NOALI,NIL
,pays tribute,NOALI,NIL
Obama,Obama,EQUI,5
in 3 cities,in three cities,EQUI,5
state,state,EQUI,5
Egypt 's leader,Egypt president,EQUI,5
of emergency,of emergency,EQUI,5
imposes,declares,EQUI,5
receives,Receives,EQUI,5
EU,EU,EQUI,5
Nobel Peace Prize,2012 Nobel Peace Prize,SPE2,4
,Fugitive,NOALI,NIL
to Death,to Death,EQUI,5
,Bangladesh,NOALI,NIL
for War Crimes,by War Crimes Tribunal,REL,3
Bangladesh Opposition Leader,,NOALI,NIL
,,NOALI,NIL
Sentenced,Sentenced,EQUI,5
no casualties,None Hurt,EQUI,5
,Hits,NOALI,NIL
,",",NOALI,NIL
",",,NOALI,NIL
in Libya 's Benghazi,in Benghazi,SPE1,4
Car bomb,Car Bomb,EQUI,5
at Swedish consulate,Swedish Consulate,EQUI,5
`,,NOALI,NIL
will yield,Spur,SIMI,3
,in Geneva,NOALI,NIL
Iran nuclear talks,Iran Nuclear Talks,EQUI,5
',,NOALI,NIL
roadmap,High Hopes,REL,2
hopes,High Hopes,SPE2,4
third nuclear test,Third Nuclear Test,EQUI,5
conducts,Confirms,SIMI_FACT,3
North Korea,North Korea,EQUI,5
Hits,hits,EQUI,5
in 2012,in 2012,EQUI,5
Record $ 38 bn,record US$ 38b,EQUI,5
Macau Gambling Revenue,Macau gambling revenue,EQUI,5
NM County,Some county officials,SPE1,3
Prepares,pave the way,SIMI,4
for Same-Sex Marriages Hearing,for same-sex marriage,SPE1,3
,wins,NOALI,NIL
2020 Olympic Games,2020 Olympics,EQUI,5
,race,NOALI,NIL
Tokyo,Tokyo,EQUI,5
to host,to host,EQUI,5
Indian police,Mumbai police,SPE2,4
round up,arrest,SIMI,3
all five suspects,fifth suspect,SPE1,4
in Mumbai rape case,in gang-rape case,EQUI,5
Syria,about Syria,EQUI,5
on chemical weapons,'s chemical weapons,EQUI,5
warns,,NOALI,NIL
US,U.S. concerns,SPE2,3
,grow,NOALI,NIL
strengthens,weakens,OPPO,4
to 6.2689,to 6.2816,SIMI,4
against USD,against USD,EQUI,5
China yuan,Chinese yuan,EQUI,5
Egypt,Egyptians,EQUI,5
votes,Vote,EQUI,5
in new constitution,On New Constitution,EQUI,5
and,,NOALI,NIL
,Libyan Foreign Ministry,NOALI,NIL
in Benghazi,in Benghazi,EQUI,5
kills wounds,hits,SPE2,2
five,,NOALI,NIL
one,,NOALI,NIL
Car bomb,Car bomb,EQUI,5
on Timbuktu,to Timbuktu,EQUI,5
,access,NOALI,NIL
close in,,NOALI,NIL
French-led troops,French-led troops,EQUI,5
,control,NOALI,NIL
work,access,SPE1,3
at joint industrial zone,to joint industrial zone,EQUI,5
to halt,blocks,SIMI,3
N Korea,North Korea,EQUI,5
vote,vote,EQUI,5
on divisive constitution,on constitution change,SIMI,3
Egyptians,Egyptians,EQUI,5
final big immigration decisions,final big decisions in shaping immigration bill,SPE2,3
nears,nearing,EQUI,5
Committee,Senate Judiciary Committee,SPE2,3
for Boston bomb victims,for Boston victims,SPE1,4
observes,observes,EQUI,5
London Marathon,London Marathon,EQUI,5
silence,silence,EQUI,5
Five dead,,NOALI,NIL
40,40,EQUI,5
in Canada train disaster,in Canadian train wreck,EQUI,5
",",,NOALI,NIL
,still,NOALI,NIL
missing,missing,EQUI,5
for major boost,for major boost,EQUI,5
in Syrian aid,in Syrian aid,EQUI,5
need,,NOALI,NIL
UN presses,UN chief presses,SPE2,4
may delay,to delay,EQUI,5
says,,NOALI,NIL
controversial rocket launch,controversial rocket launch,EQUI,5
,set,NOALI,NIL
N Korea,N. Korea,EQUI,5
it,,NOALI,NIL
,looks,NOALI,NIL
Obama administration,Obama administration,EQUI,5
rocks,rocks,EQUI,5
Critical Gates memoir,Gates blast,SIMI,3
to hacking charges,at phone hacking hearing,SPE2,4
not guilty,not guilty,EQUI,5
pleads,pleads,EQUI,5
Brooks,Brooks,EQUI,5
is working,work,EQUI,5
declares,pledges,REL,2
Obama,Obama,EQUI,5
health care law,new health care law,SPE2,4
,to make,NOALI,NIL
,in Paris,NOALI,NIL
Thousands,Thousands,EQUI,5
protest,protest,EQUI,5
gay marriage,gay marriage,EQUI,5
more ministries,more ministries,EQUI,5
Thai political protests,Thai protesters,SPE1,4
paralyse,besiege,SIMI,4
in talks,in talks,EQUI,5
Exclusive-UPDATE,EXCLUSIVE-UPDATE,EQUI,5
2-Egypt pro-Mursi alliance signals flexibility,1-Egypt pro-Mursi alliance signals flexibility,EQUI,5
Deaths,at least one dead,SPE2,4
into Scottish pub,into pub,EQUI,5
after helicopter,after helicopter,EQUI,5
confirmed,say,SIMI,4
,Scottish police,NOALI,NIL
crashes,crashes,EQUI,5
stage,escape,SIMI,3
Pakistan jailbreak,Taliban prison break,EQUI,5
Militants,250 militants,SPE2,4
,after attack,NOALI,NIL
,on Pakistan jail,NOALI,NIL
,,NOALI,NIL
,roads,NOALI,NIL
brings to a halt,wallops,SIMI,3
US northeast,US Northeast,EQUI,5
,",",NOALI,NIL
Blizzard,Blizzard,EQUI,5
,closes,NOALI,NIL
survives,survives,EQUI,5
bomb,bomb attack,EQUI,5
Egypt interior minister,Egypt 's interior minister,EQUI,5
,draws,NOALI,NIL
violate,,NOALI,NIL
,for Sochi,NOALI,NIL
say,,NOALI,NIL
rights,,NOALI,NIL
's security restrictions,'s security decree,EQUI,5
Putin,Putin,EQUI,5
,ire,NOALI,NIL
Critics,of critics,EQUI,5
Egypt army,Egypt 's military,EQUI,5
on Brotherhood,on Muslim Brotherhood,SPE2,4
cracks down,cracks down,EQUI,5
braces,braces,EQUI,5
",",,NOALI,NIL
Egypt,Egypt,EQUI,5
for more protests,for more protests,EQUI,5
prays,prays,EQUI,5
,",",NOALI,NIL
for calm,for calm,EQUI,5
,over Morsi,NOALI,NIL
disrupts,disrupted,EQUI,5
"between Raffles Place , Marina Bay",between Raffles Place and Marina Bay,EQUI,5
train service,Train service,EQUI,5
Track fault,,NOALI,NIL
sworn in,sworn in,EQUI,5
blasts,,NOALI,NIL
Defiant Mugabe,Mugabe,SPE1,4
for seventh term,for another term,SPE1,4
` vile ' West,,NOALI,NIL
to Oprah,in Oprah interview,EQUI,5
confesses,confesses,EQUI,5
Lance Armstrong,Lance Armstrong,EQUI,5
all,to doping,SIMI,4
after wild party,after alleged embassy orgy,SPE2,4
to Colombia,,NOALI,NIL
Honduran ambassador,Honduras ambassador,EQUI,5
sacked,resigns,SIMI,2
on upbeat US economic data,"by positive US , China data",SPE2,3
gain,lifted,SIMI,4
Asian markets,Asian markets,EQUI,5
landmark nuclear deal,nuclear deal,SPE1,4
Iran,Iran,EQUI,5
sign,agree,SPE1,4
six global powers,world powers,SPE1,4
",",,NOALI,NIL
,",",NOALI,NIL
in air strike in central Syria,in Syrian air strike,SPE1,4
killed,killed,EQUI,5
,`,NOALI,NIL
,',NOALI,NIL
Dozens,Dozens,EQUI,5
on bakery,on bakery,EQUI,5
Mandela ` Inspiration ',Mandela 's inspiration effect,EQUI,5
Obama,Obama,EQUI,5
Praises,hails,EQUI,5
of US debt deal,of U.S. debt deal,EQUI,5
on hopes,on hopes,EQUI,5
Asian markets,Asian stocks,EQUI,5
hit,hit,EQUI,5
3-wk high,three-week highs,EQUI,5
,to stay,NOALI,NIL
operational,,NOALI,NIL
on Syrian border,near Syrian border,SPE1,4
,,NOALI,NIL
,,NOALI,NIL
,in Jordan,NOALI,NIL
,troops,NOALI,NIL
Patriot missile battery,Patriot missile batteries,EQUI,5
,",",NOALI,NIL
NATO,Obama,REL,2
Guinea,Equatoguineans,SIMI,2
votes,vote,EQUI,5
in long-delayed legislative poll,in legislative polls,SPE1,4
Egypt Army,Egypt,EQUI,5
on Sinai Militants,against Sinai militants,EQUI,5
New Air Raids,new assault,SPE1,4
Launches,launches,EQUI,5
,in Chinese coal mine explosion,NOALI,NIL
killed,die,SIMI,4
,At least,NOALI,NIL
2 police,,NOALI,NIL
in eastern Afghan explosion,,NOALI,NIL
,28 people,NOALI,NIL
in violence,,NOALI,NIL
Thai protesters,Thai protesters,EQUI,5
;,,NOALI,NIL
1 dead,,NOALI,NIL
,in Bangkok,NOALI,NIL
vote,polling stations,REL,4
obstruct,block,EQUI,5
it,,NOALI,NIL
brings,,NOALI,5
closer,,NOALI,NIL
,to world peace,NOALI,NIL
to nuclear power status,,NOALI,NIL
,grave threat,NOALI,NIL
,is,NOALI,NIL
North Korea 's third test,North Korea nuclear test,SPE1,4
,says,NOALI,NIL
,NATO,NOALI,NIL
,,NOALI,NIL
,Live coverage,NOALI,NIL
Nelson Mandela memorial service,Nelson Mandela dies,REL,3
,worry,NOALI,NIL
tightens,,NOALI,NIL
Security,,NOALI,NIL
,Security agencies,NOALI,NIL
,about new terrorist threats,NOALI,NIL
for Thatcher funeral,,NOALI,NIL
,in Kenya,NOALI,NIL
killed,killed,EQUI,5
37,12,SIMI,2
in bus crash,in bus accident,SPE1,4
in Italy,in Pakistan,SIMI,2
recognizes,,NOALI,NIL
Syrian opposition,Syrian opposition,EQUI,5
,invites,NOALI,NIL
U.S.,,NOALI,NIL
,for talks,NOALI,NIL
,Russia,NOALI,NIL
,for Cameron and Putin,NOALI,NIL
Vote,,NOALI,NIL
for Greater Autonomy,,NOALI,NIL
Sri Lanka,,NOALI,NIL
's Tamils,,NOALI,NIL
,Syria,NOALI,NIL
,talks,NOALI,NIL
",",,NOALI,NIL
Delhi Gang Rape Suspect,Delhi gang-rape verdict,REL,4
`,,NOALI,NIL
,again,NOALI,NIL
Beaten,,NOALI,NIL
Poisoned,,NOALI,NIL
',,NOALI,NIL
,deferred,NOALI,NIL
,as,NOALI,NIL
Most powerful typhoon,Typhoon Utor,SIMI,3
,23,NOALI,NIL
of 2013,,NOALI,NIL
the Philippines,Philippines,EQUI,5
hits,Hits,EQUI,5
,Missing,NOALI,NIL
Calls,,NOALI,NIL
,rises,NOALI,NIL
,Death toll,NOALI,NIL
for more Egypt protests,from Egypt protests,SIMI,3
,to 49,NOALI,NIL
,",",NOALI,NIL
One dead,6 dead,SIMI,2
",",,NOALI,NIL
,in Cotabato blast,NOALI,NIL
11 hurt,33 hurt,SIMI,2
in LA car chaos,,NOALI,NIL
Suicide Bomber,Suicide Bomber,EQUI,5
14,11,SIMI,4
at Afghan Province Council,in Afghanistan,SPE1,4
Kills,Kills,EQUI,5
,in Suffolk,NOALI,NIL
of manslaughter,of murder,EQUI,5
,Man,NOALI,NIL
Mother,,NOALI,NIL
,after stabbing,NOALI,NIL
on suspicion,on suspicion,EQUI,5
arrested,arrested,EQUI,5
kills,,NOALI,NIL
after dog,,NOALI,NIL
daughter,,NOALI,NIL
soar,slump,OPPO,4
Stocks,Stocks,EQUI,5
on Wall St lead,on Wall Street,SPE1,3
killed,killed,EQUI,5
",",,NOALI,NIL
17,2,SIMI,2
in northern Iraq,in northern Lebanon,SIMI,2
wounded,wounded,EQUI,5
in bomb attacks,in clashes,SPE1,3
133,6,SIMI,1
,",",NOALI,NIL
,in tears,NOALI,NIL
's death,'s death,EQUI,5
,Radio prankster,NOALI,NIL
Royal sorrow,,NOALI,NIL
over nurse,over nurse,EQUI,5
,in hospital,NOALI,NIL
's 95th birthday,,NOALI,NIL
South Africans,South Africa,SIMI,4
ailing Mandela,'s former PM Nelson Mandela,EQUI,5
mark,,NOALI,NIL
,back,NOALI,NIL
The Note,The Note,EQUI,5
's Must-Reads,'s Must-Reads,EQUI,5
,",",NOALI,NIL
for Friday,for Friday,EQUI,5
",",,NOALI,NIL
"December 6 , 2013","July 12 , 2013",SIMI,2
,Car bomb,NOALI,NIL
,minister,NOALI,NIL
Israel,,NOALI,NIL
,,NOALI,NIL
,in Hezbollah Beirut bastion,NOALI,NIL
vows,,NOALI,NIL
after air strike,,NOALI,NIL
,four,NOALI,NIL
Hezbollah,,NOALI,NIL
to deny,,NOALI,NIL
,kills,NOALI,NIL
to Central African Republic,in Central African capital,REL,3
,Gun battles,NOALI,NIL
More French soldiers,,NOALI,NIL
,create,NOALI,NIL
,fresh panic,NOALI,NIL
Greece,Japan,SIMI,2
6.0-magnitude quake,5.0-magnitude quake,SIMI,3
--,,NOALI,NIL
USGS,,NOALI,NIL
hits,jolts,EQUI,5
North Korea Nuclear Test,North Korea nuclear test,EQUI,5
Worry,,NOALI,NIL
Sparks,,NOALI,NIL
,",",NOALI,NIL
Credibility,world credibility,SPE2,3
,,NOALI,NIL
on the line,on line,SIMI,3
over Syria,,NOALI,NIL
,Obama,NOALI,NIL
',,NOALI,NIL
`,,NOALI,NIL
,Congress,NOALI,NIL
weakens,weakens,EQUI,5
against USD Thursday,against USD Tuesday,SIMI,3
China 's yuan,China yuan,EQUI,5
to 6.2767,to 6.1818,SIMI,4
,open,NOALI,NIL
,Russian meteorite,NOALI,NIL
,leaves,NOALI,NIL
easy,,NOALI,NIL
high maintenance,,NOALI,NIL
Ai n't,,NOALI,NIL
being,,NOALI,NIL
,,NOALI,NIL
Zen Report,,NOALI,NIL
,building gaping,NOALI,NIL
kills,Kill,EQUI,5
policeman,3 Soldiers,SIMI,2
in Pakistan,in Pakistan,EQUI,5
Suicide bomber,Suicide Bombers,SIMI,4
to be sentenced,Sentenced,EQUI,5
Chicago man,,NOALI,NIL
for terror convictions,for Corruption,SIMI,3
,Kabul Bank Heads,NOALI,NIL
in early trading,in choppy trading,SIMI,3
rise,ease,SIMI,2
Stocks,US stocks,SPE2,4
say,,NOALI,NIL
UK police,China police,SIMI,2
,seek,NOALI,NIL
to helicopter crash,over crash,SPE1,3
,eight suspects,NOALI,NIL
no terrorism link,,NOALI,NIL
killed,killed,EQUI,5
,",",NOALI,NIL
41,15,SIMI,2
wounded,wounded,EQUI,5
",",,NOALI,NIL
in Iraq,in Iraq,EQUI,5
22,90,SIMI,2
in violent attacks,in fresh attacks,SIMI,4
Israel-Palestinian peace,,NOALI,NIL
Kerry,Kerry,EQUI,5
Jordan,to Israel,SIMI,3
on agenda,postpones,REL,2
",",,NOALI,NIL
,in one week,NOALI,NIL
to visit,visit,EQUI,5
,by deadline,NOALI,NIL
,scramble,NOALI,NIL
for Obamacare,for Obamacare,EQUI,5
signs up,to sign up,EQUI,5
,Americans,NOALI,NIL
Obama,,NOALI,NIL
over Benghazi,after Benghazi,EQUI,5
faulted,resigns,REL,2
US State Department,State Dept security chief,SPE1,3
must destroy,,NOALI,NIL
chemical weapons,,NOALI,NIL
Syria,Libya,SIMI,2
in Sinai,in Sinai,EQUI,5
Egypt Military,Egypt military,EQUI,5
Kill,kill,EQUI,5
",",,NOALI,NIL
Hit,hit,EQUI,5
Suicide Bombs,Suicide bombs,EQUI,5
6,4,SIMI,4
,",",NOALI,NIL
killed,injured,SIMI,3
Four Morsi supporters,as Morsi supporters,SPE1,4
in Egypt clashes,clash,SPE1,4
,with security forces,NOALI,NIL
,Dozens,NOALI,NIL
dropped,,NOALI,NIL
from case,on attempted murder charges,SPE2,3
Pistorius officer,Pistorius officer,EQUI,5
,vows,NOALI,NIL
,to repay,NOALI,NIL
in drone strike,in bloodshed,SIMI,3
killed,'s killing,EQUI,5
Pakistani Taliban chief Hakimullah Mehsud,Pakistan Taliban,REL,4
,",",NOALI,NIL
,revenge,NOALI,NIL
Pakistani Taliban chief Hakimullah Mehsud,Hakimullah,EQUI,5
suspect,suspect,EQUI,5
was captured,captured,EQUI,5
Police,,NOALI,NIL
,on film,NOALI,NIL
how,,NOALI,NIL
confirm,,NOALI,NIL
,Raid,NOALI,NIL
,on Boston Marathon bombing,NOALI,NIL
evacuation,evacuation,EQUI,5
of another city,"of homes , university",SPE2,4
forces,forces,EQUI,5
Flooding in Canada,California wildfire,SIMI,2
in Nigeria police attack,in Kenya bus attack,SIMI,1
Death toll,Death toll,EQUI,5
to 30,to six,SIMI,2
rises,rises,EQUI,5
,no argument,NOALI,NIL
soaring national debt ceiling,,NOALI,NIL
,insists,NOALI,NIL
,with Indonesia,NOALI,NIL
to scrap,,NOALI,NIL
Australia,Australian PM,REL,3
Iran,Iran,EQUI,5
,to preserve,NOALI,NIL
says,,NOALI,NIL
in nuclear talks,`` peaceful '' nuclear program,REL,2
,vows,NOALI,NIL
serious issues,,NOALI,NIL
remain,,NOALI,NIL
's Darfur,in Abyei clash,SIMI,1
Seven peacekeepers,Peacekeeper,SPE1,3
in Sudan,,NOALI,NIL
killed,killed,EQUI,5
voices,confirms,SIMI,2
on Syria,at Syria,EQUI,5
over Israeli strikes,second air strike,SPE2,4
UN,,NOALI,NIL
,Israeli official,NOALI,NIL
alarm,,NOALI,NIL
Egyptian police,,NOALI,NIL
at Brotherhood protesters,At Gang Rape Protesters,SIMI,2
tear gas,Tear Gas,EQUI,5
fire,Fired,EQUI,5
,India,NOALI,NIL
,,NOALI,NIL
,,NOALI,NIL
US Senate,House,SIMI,4
to vote,vote,EQUI,5
,-,NOALI,NIL
,Fiscal cliff,NOALI,NIL
,live,NOALI,NIL
,delays,NOALI,NIL
on fiscal cliff deal,on fiscal cliff deal,EQUI,5
as deadline,,NOALI,NIL
nears,,NOALI,NIL
in Colorado avalanche,in Colorado avalanche,EQUI,5
buried,killed,EQUI,5
,',NOALI,NIL
,',NOALI,NIL
5 people,5 snowboarders,SPE2,4
`` political '' changes,proposed cuts,SIMI,2
laments,,NOALI,NIL
,defends,NOALI,NIL
to US defense budget,in defense spending,SPE1,4
Hagel,Hagel,EQUI,5
new election law,new election law,EQUI,5
approve,approves,EQUI,5
Afghan legislators,Afghan president,SPE2,4
die,die,EQUI,5
Myanmar mosque fire,at mosque,SPE1,4
,Myanmar police,NOALI,NIL
,say,NOALI,NIL
13 children,13 children,EQUI,5
in fire,in electrical fire,SPE2,4
Birth Control,Contraceptive pill,SIMI,4
,',NOALI,NIL
With Higher Glaucoma Risk,glaucoma risk,EQUI,5
Linked,doubles,SPE2,4
,`,NOALI,NIL
health problem,stroke,SPE2,4
in hospital,in hospital,EQUI,5
due to,after suffering,SIMI,4
Iraqi president,Iraqi president,EQUI,5
in Beirut,in Beirut,EQUI,5
Near the Iranian Embassy,near Iranian embassy,EQUI,5
Explosions,Two blasts,SPE2,4
"carry-on liquids , gels",carry-on liquids,SPE2,4
to Russia,to Russia,EQUI,5
on flights,on direct flights,SPE2,4
bans,bans,EQUI,5
U.S.,US,EQUI,5
Nato troops,NATO strike,SIMI,4
kill,kills,EQUI,5
two Afghan children,11 Afghan children,SIMI,3
makes landfall,slams,SIMI,4
in east China,into southeastern China,SIMI,3
Typhoon Fitow,Typhoon Fitow,EQUI,5
not guilty plea,Not guilty plea,EQUI,5
enters,,NOALI,NIL
Judge,,NOALI,NIL
for James Holmes,for James Holmes,EQUI,5
to Alaska airport runway,to airport,SPE1,3
drivers,drivers,EQUI,5
Apple app,Apple app,EQUI,5
directs,sends,EQUI,5
family reunions,war-torn family unions,SPE2,4
postpones,postpones,EQUI,5
N Korea,North Korea,EQUI,5
still,,NOALI,NIL
elusive,,NOALI,NIL
of fiscal impasse,Amid Fiscal Impasse,EQUI,5
,has,NOALI,NIL
as path out,,NOALI,NIL
,Rare Sunday Session Days,NOALI,NIL
US Senate,US Senate,EQUI,5
to meet,,NOALI,NIL
Syria,,NOALI,NIL
welcomes,,NOALI,NIL
,",",NOALI,NIL
,six world powers,NOALI,NIL
's nuclear deal,breakthrough nuclear deal,SPE2,4
Iran,Iran,EQUI,5
,clinch,NOALI,NIL
Iran,Iran,EQUI,5
drone,U.S. drone,SPE2,4
losing one,it,EQUI,5
U.S.,U.S.,EQUI,5
,;,NOALI,NIL
;,,NOALI,NIL
denies,says 's not true,EQUI,5
says,says,EQUI,5
it,it,EQUI,5
captures,has seized,EQUI,5
from Libya 's al-Kweifiya prison,from Libyan jail,SPE1,4
escape,escape,EQUI,5
"More than 1,000 inmates",1000 prisoners,SPE2,4
in Cairo clash,in Egypt clashes,SPE1,4
dies,die,EQUI,5
Muslim Brotherhood supporter,Muslim Brotherhood supporters,SPE1,4
Thirty-Seven Dead,Thirty Dead,SIMI,4
In Italy Tour Bus Plunge,In Italian Bus Plunge,EQUI,5
lower,lower,EQUI,5
end,close,EQUI,5
Thursday,on Thursday,EQUI,5
China stocks,China stocks,EQUI,5
nuclear deal,nuclear deal,EQUI,5
possible,,NOALI,NIL
,wants,NOALI,NIL
says,,NOALI,NIL
with U.S.,,NOALI,NIL
Iran leader Rouhani,Iran President Hassan Rouhani,EQUI,5
within three months,in months,SPE1,4
holds,holds,EQUI,5
Maldives,Maldives,EQUI,5
fresh election for president,fresh presidential election,EQUI,5
Israel,Israel,EQUI,5
1500 settler homes,"1,800 more settler homes",SIMI,3
green-lights,unveils,SIMI,4
",",,NOALI,NIL
five accused,All five accused,EQUI,5
arrested,arrested,EQUI,5
Mumbai photojournalist gangrape case,Mumbai journalist gang-rape case,SPE1,4
cracked,,NOALI,NIL
,,NOALI,NIL
faces questions,questioned,EQUI,5
Driver,Train driver,EQUI,5
from judge,by judge,EQUI,5
in Spanish train crash,in Spain crash,EQUI,5
Israel,Israel,EQUI,5
in Gaza,near Damascus,SIMI,3
airstrike,air strikes,SIMI,4
launches,launches,EQUI,5
to fold,to fold,EQUI,5
Trailblazing Israeli electric car company,Trailblazing Israeli electric car company,EQUI,5
Better Place,,NOALI,NIL
for marriage,to get married,EQUI,5
conditional bail,bail,SPE1,4
Ankeet Chavan,Ankeet Chavan,EQUI,5
granted,granted,EQUI,5
in Spanish train crash,in Spanish high-speed train crash,SPE2,4
Up to 50 dead,Over 70 dead,SPE1,3
dies,dies,EQUI,5
,at 74,NOALI,NIL
Former spokesman for U.S. President Ronald Reagan,Former Reagan spokesman Larry Speakes,SPE2,4
lower,lower,EQUI,5
in early trade,,NOALI,NIL
US stocks,on Wall Street,REL,4
Weak earnings,Weak earnings,EQUI,5
drag,drag,EQUI,5
US stocks,stocks,EQUI,5
after helicopter crashes into pub,after helicopter pub crash,EQUI,5
Three feared dead,Three feared dead,EQUI,5
Israel,Israel,EQUI,5
's Peres,'s Peres,EQUI,5
urges,calls,SPE1,4
to peace talks,to peace talks,EQUI,5
return,for return,EQUI,5
US,US,EQUI,5
against Syria,against Syria,EQUI,5
readies,makes case,SIMI,3
possible solo action,for action,SPE1,3
found,found,EQUI,5
25 bodies,25 more bodies,SPE2,4
at raided Algerian gas plant,at Algerian gas plant,SPE1,4
,for last time,NOALI,NIL
Pope Benedict XVI,Pope Benedict XVI,EQUI,5
Says Goodbye,departs,REL,4
to Cardinals,Vatican,REL,4
the East Coast,East Coast,EQUI,5
zipping up,to slide up,SIMI,3
Tropical Storm Andrea,Tropical Storm Andrea,EQUI,5
to build,,NOALI,NIL
Israel,Israel,EQUI,5
,unveils,NOALI,NIL
900 settlement homes,for new settler homes,SPE1,4
advances,,NOALI,NIL
plan,plans,EQUI,5
Websites,Websites,EQUI,5
,by taking away,NOALI,NIL
anonymity,anonymity,EQUI,5
battle,fight,EQUI,5
nasty comments,nasty comments,EQUI,5
",",,NOALI,NIL
on fire,on fire,EQUI,5
sets,sets,EQUI,5
on the National Mall,at Washington 's National Mall,SPE2,4
himself,himself,EQUI,5
Man,Man,EQUI,5
after shots,after reports of shots,REL,3
,,NOALI,NIL
,live,NOALI,NIL
,Watch,NOALI,NIL
fired,fired,EQUI,5
on lockdown,on lockdown,EQUI,5
US Capitol Hill,US Capitol,EQUI,5
upholds,upholds,EQUI,5
death penalties,death sentences,EQUI,5
for Mekong murderers,for Mekong murderers,EQUI,5
Chinese court,Court,SPE1,4
Israeli forces,Israeli Forces,EQUI,5
in West Bank,across West Bank,SPE2,4
5 Palestinians,Five Palestinians,EQUI,5
detain,Arrest,EQUI,5
,Big,NOALI,NIL
third term,,NOALI,NIL
in German elections,in Germany Election,EQUI,5
wins,Wins,EQUI,5
Angela Merkel,Merkel,EQUI,5
at Russian train station,at Russian train station,EQUI,5
scores,,NOALI,NIL
15,14,SIMI,4
killed,kills,EQUI,5
in suicide bombing,Suicide bomber,EQUI,5
and,,NOALI,NIL
injured,,NOALI,NIL
election,in poll bid,SIMI,4
Cambodian opposition leader Sam Rainsy,Cambodia opposition head,SPE1,4
returns,turns,SIMI,4
to stir up,,NOALI,NIL
,to parliament,NOALI,NIL
,in building,NOALI,NIL
calls,calls,EQUI,5
Biden,Biden,EQUI,5
for trust,for trust,EQUI,5
in US-China relations,,NOALI,NIL
call,call,EQUI,5
in protest,Turkey unrest,SIMI,4
2 Turkish unions,Unions,SPE1,4
,,NOALI,NIL
on Monday,,NOALI,NIL
for strike,for strike,EQUI,5
over police violence,over police crackdown,SPE1,4
hospitalized,Hospitalized,EQUI,5
South African icon Nelson Mandela,South Africa 's Nelson Mandela,EQUI,5
,600m charge,NOALI,NIL
settles,settles,EQUI,5
,and,NOALI,NIL
,takes,NOALI,NIL
US mortgage lawsuit,US mortgage lawsuit,EQUI,5
UBS,UBS,EQUI,5
agree,,NOALI,NIL
to talks,rare talks,SPE2,3
,hold,NOALI,NIL
"North , South Korea","North , South Korea",EQUI,5
gun control plans,gun control plans,EQUI,5
Obama,Obama,EQUI,5
to announce,to set out,EQUI,5
Wednesday,,NOALI,NIL
Six Australians,Dozens,SPE1,2
killed,killed,EQUI,5
in Laos plane crash,in Laos plane crash,EQUI,5
,,NOALI,NIL
,`,NOALI,NIL
,',NOALI,NIL
confirms,finds,SPE1,4
in Syria attack,in Syria chemical weapons attack,SPE2,4
used,used,EQUI,5
sarin,sarin,EQUI,5
,War crime,NOALI,NIL
UN,U.N.,EQUI,5
,",",NOALI,NIL
$ 53m,$ 53 million worth,EQUI,5
of jewels,of jewels,EQUI,5
at hotel,,NOALI,NIL
,say,NOALI,NIL
Cannes thief,Robber in Cannes,EQUI,5
in armed heist,,NOALI,NIL
`,,NOALI,NIL
',,NOALI,NIL
,police,NOALI,NIL
steals,steals,EQUI,5
charged,charged,EQUI,5
with corruption,with corruption,EQUI,5
Ex-Virginia governor Bob McDonnell,"Virginia 's ex-Gov . Bob McDonnell , wife",SPE1,4
most senior Afghan Taliban prisoner,senior Taliban commander,REL,3
,on Saturday,NOALI,NIL
Pakistan,Pakistan,EQUI,5
to release,to release,EQUI,5
bites,bites,EQUI,5
costs,costs,EQUI,5
by a third,,NOALI,NIL
as rupee collapse,as rupee crisis,EQUI,5
Bollywood,Bollywood,EQUI,5
cuts,cuts,EQUI,5
neighborhoods,,NOALI,NIL
and,,NOALI,NIL
devastating,,NOALI,NIL
Tornadoes,"Tornadoes , damaging storms",SPE1,4
",",,NOALI,NIL
,",",NOALI,NIL
killing,killing,EQUI,5
6,5,SIMI,4
rip,hit,EQUI,5
through Midwest,U.S. Midwest,SPE2,4
rejects,rejects,EQUI,5
China 's new PM,China Premier Li,EQUI,5
US hacking claims,` groundless ' US hacking accusations,SPE2,3
New Zealand,New Zealand,EQUI,5
to legalise,to legalise,EQUI,5
set,votes,SIMI,3
gay marriage,same-sex marriage,EQUI,5
amid killings,Amid Killings,EQUI,5
bans,Bans,EQUI,5
martial arts clubs,Martial Arts Schools,EQUI,5
East Timor,East Timor,EQUI,5
,at finish line,NOALI,NIL
at Boston Marathon,of Boston Marathon,EQUI,5
,Report of,NOALI,NIL
Witnesses,,NOALI,NIL
loud booms,two explosions,SPE2,4
`,,NOALI,NIL
',,NOALI,NIL
hear,,NOALI,NIL
Kenya Supreme Court,Kenya SC,EQUI,5
upholds,upholds,EQUI,5
election result,election result,EQUI,5
10 Things,10 Things,EQUI,5
for Wednesday,for Today,SPE2,3
to Know,to Know,EQUI,5
Venezuela 's Hugo Chavez,Venezuelan President Hugo Chavez,EQUI,5
dies,dies,EQUI,5
of cancer,of cancer,EQUI,5
,at 58,NOALI,NIL
US Senate,US Senate,EQUI,5
confirms,Confirms,EQUI,5
Yellen,Janet Yellen,EQUI,5
as Fed 's next chair,as New Central Bank Chief,SIMI,3
in India anti-rape protests,in gang-rape protest,SPE1,4
injured,injured,EQUI,5
dies,dies,EQUI,5
Officer,Indian policeman,SPE2,4
Chemical Weapons Use,of Chemical Arms Use,EQUI,5
in Syria,by Syria,EQUI,5
Can not ` Conclusively Determine ',Sees No Conclusive Evidence,SIMI,4
US,U.S.,EQUI,5
dies,dies,EQUI,5
Nobel Prize winning author Doris Lessing,Nobel laureate Doris Lessing,EQUI,5
,at 94,NOALI,NIL
Senate,US Senate,SPE2,4
as Fed head,as Fed 's next chair,SPE2,4
confirms,confirms,EQUI,5
Yellen,Yellen,EQUI,5
in Virginia,in Virginia cemetery,SPE2,4
Boston bombing suspect,Boston bomb suspect,EQUI,5
buried,buried,EQUI,5
"Internet , phone service",Internet service,SPE1,4
in Syrian capital,in Syria,SPE1,3
restored,resumes,EQUI,5
Bomb Attack,bomb attack,EQUI,5
Syrian PM,Syrian PM,EQUI,5
Survives,survives,EQUI,5
,in capital,NOALI,NIL
prays,in prayer and song,SPE2,3
,unites,NOALI,NIL
for Nelson Mandela,for Nelson Mandela,EQUI,5
South Africa,South Africa,EQUI,5
die,killed,EQUI,5
in clashes,in Egypt clashes,SPE2,4
At least 38 Morsi supporters,Dozens of Morsi supporters,SPE1,4
on iPhone disappointment,after earnings disappointment,SIMI,3
,plunges,NOALI,NIL
hit,,NOALI,NIL
Apple shares,Apple stock,EQUI,5
,11 %,NOALI,NIL
hard,,NOALI,NIL
Egypt,Egypt,EQUI,5
to lure Gulf investors,to lure investors,SPE1,4
,...,NOALI,NIL
set,seeks,SIMI,3
Crowned,is crowned,EQUI,5
Miss America 2013,Miss America,SPE1,4
Miss New York,Miss New York,EQUI,5
mixed,mixed,EQUI,5
traded,,NOALI,NIL
at mid-day,at mid-day,EQUI,5
KLCI Futures,KL shares,REL,3
Iranian exiles,At least 47 Iranian exiles,SPE2,4
report deaths,killed,EQUI_FACT,5
in Iraq camp,at Iraq 's Camp Ashraf,SPE2,4
Helicopter,Helicopter,EQUI,5
in London,in London,EQUI,5
near rail station,,NOALI,NIL
crashes,crashes,EQUI,5
China,China,EQUI,5
flew into,defy,SIMI,3
Japanese planes,"Japan , S Korean military planes",SPE2,3
's new defense zone,'s new defense zone,EQUI,5
Janet Yellen,Janet Yellen,EQUI,5
US Senate,Senate,SPE1,4
confirms,confirms,EQUI,5
as US Federal Reserve chief,as next Federal Reserve Chair,SPE2,4
northern Europe,north . Europe,EQUI,5
as Storm Xaver,"as wind , rain",SPE1,4
batters,batters,EQUI,5
rises,rises,EQUI,5
to 6,,NOALI,NIL
Death toll,Storm death toll,EQUI,5
airline pilots,2 Turkish Airlines pilots,SPE2,3
in Lebanon,in Lebanon,EQUI,5
kidnap,kidnap,EQUI,5
Gunmen,Gunmen,EQUI,5
kills,kills,EQUI,5
in Pakistan,,NOALI,NIL
5,up to six,SPE1,4
U.S. drone strike,Pakistan drone strike,SIMI,2
push,pushes,EQUI,5
Syrian troops,Syrian army,EQUI,5
into strategic rebelheld town,on rebel-held town,SPE1,4
,assault,NOALI,NIL
Bangkok shutdown,Bangkok ` shutdown ',EQUI,5
Thai opposition protesters,Thai protesters,SPE1,4
begin,launch,EQUI,5
Hails,Welcomes,EQUI,5
France,France,EQUI,5
Breakthrough,,NOALI,NIL
after U.S.-Russia Deal,US-Russia Deal,EQUI,5
on Syria Weapons,on Syria,SPE1,4
Crushed to Death,dead,EQUI,5
in Ivory Coast Stampede,in Ivory Coast stampede,EQUI,5
About 60,61,SPE2,4
against student gunman,against student,SPE1,4
,key,NOALI,NIL
,to be,NOALI,NIL
Colorado shooting,,NOALI,NIL
Discipline,Discipline,EQUI,5
thought,thought,EQUI,5
to have sparked,,NOALI,NIL
,to motive,NOALI,NIL
,returns,NOALI,NIL
,plans,NOALI,NIL
,to work,NOALI,NIL
this month,,NOALI,NIL
,",",NOALI,NIL
Clinton,Clinton,EQUI,5
to testify,to testify,EQUI,5
on Benghazi attack,on Benghazi attack,EQUI,5
's custom-made wheelchair,'s wheelchair,SPE1,4
English Channel swimmer,Channel swimmer,SPE1,4
snatch,steal,EQUI,5
Thieves,Thieves,EQUI,5
report,,NOALI,NIL
in March,,NOALI,NIL
Kurdish rebels,Kurdish rebels,EQUI,5
from Turkey,from Turkey,EQUI,5
to withdraw,to withdraw,EQUI,5
,,NOALI,NIL
,blames,NOALI,NIL
,West,NOALI,NIL
Iranian president,Iranian minister,SPE1,4
for new nuclear talks,for failed nuke talks,SIMI,3
calls,,NOALI,NIL
Christmas,,NOALI,NIL
in hospital,,NOALI,NIL
to spend,,NOALI,NIL
,to open,NOALI,NIL
,this month,NOALI,NIL
,in South Africa,NOALI,NIL
Mandela,Mandela movie,REL,3
Chris Froome,,NOALI,NIL
rides,,NOALI,NIL
to Tour de France endgame,,NOALI,NIL
,Chris Brown concerts,NOALI,NIL
,new,NOALI,NIL
,canceled,NOALI,NIL
push back,,NOALI,NIL
erupt,,NOALI,NIL
,in Egypt attack,NOALI,NIL
as Islamists,,NOALI,NIL
in Egypt,,NOALI,NIL
,Coptic priest,NOALI,NIL
Clashes,,NOALI,NIL
,dead,NOALI,NIL
,shot,NOALI,NIL
pays tribute,pay tribute,EQUI,5
to Nelson Mandela,to Mandela,EQUI,5
Queen,US presidents,SIMI,3
11,seven,SIMI,3
Iraq violence,Iraq violence,EQUI,5
kills,kills,EQUI,5
,used,NOALI,NIL
rejects,,NOALI,NIL
"US , UK chemical arms claims",US,REL,1
Syria,Syria,EQUI,5
"US , UK chemical arms claims",chemical weapons,REL,2
,suspects,NOALI,NIL
at reporters ' dinner,during press dinner,EQUI,5
about himself,,NOALI,NIL
jokes,pokes fun at,EQUI,5
Obama,Obama,EQUI,5
,critics,NOALI,NIL
?,,NOALI,NIL
,Photos,NOALI,NIL
the nuclear option,,NOALI,NIL
is,,NOALI,NIL
,N. Korea nuclear readiness,NOALI,NIL
What,,NOALI,NIL
,show,NOALI,NIL
21,20,SIMI,4
Islamists,,NOALI,NIL
,in Turkish town,NOALI,NIL
kill,kill,EQUI,5
in Niger,near Syrian border,SIMI,2
in suicide attacks,Car bombs,SIMI,3
,US Congress,NOALI,NIL
,may throw,NOALI,NIL
No radiation leak,,NOALI,NIL
,wrench,NOALI,NIL
at Iran 's nuclear plant,into Iran nuclear deal,REL,3
,battle,NOALI,NIL
at least 40,,NOALI,NIL
,militants,NOALI,NIL
Twin bombings,,NOALI,NIL
kill,,NOALI,NIL
,",",NOALI,NIL
in Pakistan,Pakistani police,REL,2
,Now,NOALI,NIL
for March 11,for January 14,SIMI,2
News summary,News summary,EQUI,5
,,NOALI,NIL
among 14 killed,Six dead,SIMI,3
Schoolchildren,,NOALI,NIL
Indonesia,Indonesia,EQUI,5
by Indonesia volcano eruption,in Indonesian volcanic eruption,EQUI,5
,,NOALI,NIL
passes,passes,EQUI,5
Hawaii,US Senate,SIMI,2
gay marriage bill,gay workers bill,SIMI,4
0.4 % higher,higher,SPE1,4
Singapore stocks,Indian stocks,SIMI,2
close,open,OPPO,4
the Papers,the Papers,EQUI,5
",",,NOALI,NIL
"Mar. 12 , 2013","June 25 , 2013",SIMI,3
,",",NOALI,NIL
Say,Say,EQUI,5
What,What,EQUI,5
Singapore stocks,Singapore stocks,EQUI,5
0.11 pct,0.54 pct higher,SPE2,3
end up,close,EQUI,5
,appears,NOALI,NIL
,by Taliban,NOALI,NIL
,on video,NOALI,NIL
Pakistani girls,Pakistani girl,SIMI,4
learn,,NOALI,NIL
a hard lesson,,NOALI,NIL
,shot,NOALI,NIL
Funeral,,NOALI,NIL
takes place,,NOALI,NIL
' girlfriend Reeva Steenkamp,Steenkamp,EQUI,5
of Oscar Pistorius,Oscar Pistorius,EQUI,5
,in bathroom,NOALI,NIL
,shot,NOALI,NIL
,',NOALI,NIL
,`,NOALI,NIL
UK,,NOALI,NIL
,',NOALI,NIL
confirms,,NOALI,NIL
fears,,NOALI,NIL
,near,NOALI,NIL
over Syria,for Syria,EQUI,5
,End,NOALI,NIL
,`,NOALI,NIL
's chemical weapons,'s chemical weapons,EQUI,5
swears in,,NOALI,NIL
new interim leader,,NOALI,NIL
,cracks down,NOALI,NIL
,on Brotherhood,NOALI,NIL
Egypt,Egypt army,REL,3
,capsizes,NOALI,NIL
rescued,rescued,EQUI,5
"off Waterford , Dublin coasts",in Dublin Bay,SPE2,3
Ten,Six,SIMI,3
,after boat,NOALI,NIL
,from militants,NOALI,NIL
in Afghanistan,,NOALI,NIL
captured,,NOALI,NIL
,demand,NOALI,NIL
Senior Pakistani Taliban commander,Pakistan Shi'ites,REL,2
,protection,NOALI,NIL
initial report,,NOALI,NIL
releases,,NOALI,NIL
,Men,NOALI,NIL
,in China,NOALI,NIL
on water,,NOALI,NIL
,detained,NOALI,NIL
,after taking,NOALI,NIL
US,,NOALI,NIL
,to hotel,NOALI,NIL
on fracking impacts,,NOALI,NIL
,girls,NOALI,NIL
rises,rises,EQUI,5
from west Chinas violence,from NE China fire,SIMI,3
,,NOALI,NIL
,Urgent,NOALI,NIL
to 35,to 112,SIMI,2
Death toll,Death toll,EQUI,5
,Wawrinka,NOALI,NIL
,reaches,NOALI,NIL
Mars rover,,NOALI,NIL
collects,,NOALI,NIL
first bedrock sample,,NOALI,NIL
,first grand slam final,NOALI,NIL
border,,NOALI,NIL
to cross,,NOALI,NIL
South Korean soldiers,to South,REL,2
man,,NOALI,NIL
,Shuts,NOALI,NIL
kill,,NOALI,NIL
into North,North Korea,EQUI,5
,Last Remaining Hotline,NOALI,NIL
trying,,NOALI,NIL
,wont visit,NOALI,NIL
remains,,NOALI,NIL
meets,to meet,EQUI,5
Mandela family,Mandela family,EQUI,5
as icon,,NOALI,NIL
in hospital,hospital,EQUI,5
Obama,Obamas,EQUI,5
down,up,OPPO,4
dollar,dollar,EQUI,5
8 paise,22 paise,SIMI,3
Rupee,Rupee,EQUI,5
in early trade,in early trade,EQUI,5
vs,against,EQUI,5
open,close,OPPO,4
Indian stocks,Indian stocks,EQUI,5
lower,lower,EQUI,5
man,,NOALI,NIL
,South African police,NOALI,NIL
,in farm protest,NOALI,NIL
,arrest,NOALI,NIL
,50,NOALI,NIL
in ricin probe,,NOALI,NIL
US authorities,,NOALI,NIL
charge,,NOALI,NIL
as Bangladesh building toll,as Bangladesh building toll,EQUI,5
arrested,arrested,EQUI,5
to 352,372,SIMI,3
rises,reaches,EQUI,5
Four,Owner,SPE2,2
along Kashmir line,,NOALI,NIL
Pakistani soldier,Pakistani military post,REL,3
of control,,NOALI,NIL
kill,raid,SPE1,3
Indian troops,Indian troops,EQUI,5
Brazilian leader,Brazil leader,EQUI,5
,promises,NOALI,NIL
crisis talks,reform vote,REL,1
on street protests,,NOALI,NIL
holds,,NOALI,NIL
US,US House,REL,3
,backs,NOALI,NIL
,before Iran inauguration,NOALI,NIL
set,,NOALI,NIL
,new sanctions,NOALI,NIL
for Obama inauguration,,NOALI,NIL
in attacks,in attacks,EQUI,5
in Iraq,across Iraq,EQUI,5
killed,killed,EQUI,5
7,27,SIMI,2
injured,injured,EQUI,5
25,12,SIMI,2
",",,NOALI,NIL
in NW Pakistan,in NW Pakista,EQUI,5
,",",NOALI,NIL
12,6,SIMI,2
in bomb blast,in blast,SPE1,4
killed,killed,EQUI,5
,to be sentenced,NOALI,NIL
`,,NOALI,NIL
to be dispersed,,NOALI,NIL
',,NOALI,NIL
,Abduction teacher,NOALI,NIL
Egypt protesters,,NOALI,NIL
,deny,NOALI,NIL
,protecting,NOALI,NIL
Turkish police,British police,SIMI,2
mass,,NOALI,NIL
,sex abuser Savile,NOALI,NIL
near Istanbul park protest area,,NOALI,NIL
to join,,NOALI,NIL
,to name,NOALI,NIL
Syria opposition vote,Syrian opposition,REL,3
,delegation,NOALI,NIL
hails,,NOALI,NIL
peace talks,for talks,SPE1,4
West,,NOALI,NIL
in rebel-held town,,NOALI,NIL
kills,kills,EQUI,5
Syria car bomb,Sinai car bomb,SIMI,2
at least 12,at least 10 Egyptian soldiers,SPE2,2
hits,rises,EQUI,5
359,to 72,SIMI,2
Bangladesh building collapse death toll,Indian building collapse death toll,SPE1,4
,block,NOALI,NIL
,Sudanese police,NOALI,NIL
,at human rights commission,NOALI,NIL
ambush,,NOALI,NIL
police boat,,NOALI,NIL
in Nigeria oil region,,NOALI,NIL
,protest,NOALI,NIL
Gunmen,,NOALI,NIL
in Afghanistan,in NW Pakistan,SIMI,3
killed,killed,EQUI,5
in `` insider '' attack,in bomb attack,SIMI,3
Two U.S. soldiers,8 soldiers,SPE1,2
,officials,NOALI,NIL
Blast,Blast,EQUI,5
kills,kills,EQUI,5
10 young girls,nine,SPE1,3
in eastern Afghanistan,in southern Afghanistan,SIMI,3
,,NOALI,NIL
at sea,at sea,EQUI,5
could end up,to destroy,SIMI,3
,US,NOALI,NIL
Syria 's chemical weapons,Syria chemical weapon stockpile,SPE2,4
freed,,NOALI,NIL
in center abuse probe,,NOALI,NIL
,Three storey building collapses,NOALI,NIL
Three,,NOALI,NIL
,in Ebute Meta,NOALI,NIL
in Pakistan,in Pakistan,EQUI,5
Gunmen,Gunmen,EQUI,5
kill,kill,EQUI,5
female politician,5 female teachers,SPE2,3
Kardashian Divorce,,NOALI,NIL
Ready,ready,EQUI,5
,for price war,NOALI,NIL
for Trial,,NOALI,NIL
,Hard-hit hotels,NOALI,NIL
surgery,surgery,EQUI,5
Nelson Mandela,Nelson Mandela,EQUI,5
,',NOALI,NIL
,',NOALI,NIL
undergoes,undergoes,EQUI,5
to audit,,NOALI,NIL
,US arms sales,NOALI,NIL
US regulators,,NOALI,NIL
records,,NOALI,NIL
gives,,NOALI,NIL
,to Taiwan,NOALI,NIL
access,,NOALI,NIL
China,China,EQUI,5
,opposes,NOALI,NIL
Dzhokhar Tsarnaev,Dzhokhar Tsarnaev,EQUI,5
to Boston bombing charges,in Boston Marathon bombing,SPE2,4
pleads not guilty,charged,REL,3
driver,,NOALI,NIL
P.G. police,Police,SPE1,4
,'s Day parade shooting,NOALI,NIL
,in New Orleans Mother,NOALI,NIL
that killed,,NOALI,NIL
child,,NOALI,NIL
seeking,seek,EQUI,5
,gunmen,NOALI,NIL
in crash,,NOALI,NIL
,public,NOALI,NIL
Pentagon,,NOALI,NIL
for more intense attacks,,NOALI,NIL
on Syria,,NOALI,NIL
adjusts,,NOALI,NIL
,Pope,NOALI,NIL
,for joining,NOALI,NIL
,thanks,NOALI,NIL
plans,,NOALI,NIL
,his Syria vigil,NOALI,NIL
pushes,,NOALI,NIL
Egyptian army,Egypt 's Morsi,REL,3
kidnappers,,NOALI,NIL
,as hostage video,NOALI,NIL
,rules out,NOALI,NIL
to attack,,NOALI,NIL
,talks,NOALI,NIL
,appears,NOALI,NIL
Saturday 27th April,Saturday 27th April,EQUI,5
,-,NOALI,NIL
Cryptic crossword,Quiz crossword,EQUI,5
-,,NOALI,NIL
of breast cancer,about breast cancer,EQUI,5
Angelina Jolie,Angelina Jolie and the complex truth,SPE2,3
's aunt,,NOALI,NIL
dies,,NOALI,NIL
,dies,NOALI,NIL
,",",NOALI,NIL
from Israeli prison,in Israel jails,SIMI,4
,of cancer,NOALI,NIL
,unrest,NOALI,NIL
26 Palestinian prisoners,Palestinian prisoner,SPE2,3
released,,NOALI,NIL
"evacuation of 5,000",mop-up operations,SPE1,3
,continues,NOALI,NIL
claims,,NOALI,NIL
near Damascus,near Damascus,EQUI,5
Syria regime,Syria army,REL,3
village,,NOALI,NIL
killed,Killed,EQUI,5
,in India,NOALI,NIL
Twelve,Five,SIMI,3
raid,in Blasts,SIMI,3
as gunmen,,NOALI,NIL
to Snowden,to Snowden,EQUI,5
,if asked,NOALI,NIL
,says,NOALI,NIL
,'s Morales,NOALI,NIL
asylum,asylum,EQUI,5
offer,would grant,EQUI,5
"Nicaragua , Venezuela",Bolivia,SIMI,2
,he,NOALI,NIL
,",",NOALI,NIL
Hostage drama,,NOALI,NIL
,2 hurt,NOALI,NIL
,Nevada,NOALI,NIL
,2 dead,NOALI,NIL
after Alabama school bus shooting,in middle school shooting,SIMI,1
drags on,,NOALI,NIL
,,NOALI,NIL
",",,NOALI,NIL
,,NOALI,NIL
injured,injured,EQUI,5
,media,NOALI,NIL
50,138,SIMI,2
killed,killed,EQUI,5
5,3,SIMI,4
,",",NOALI,NIL
in Pakistan blast,in Boston blasts,SIMI,2
to strengthen,to strengthen,EQUI,5
,scientific research ties,NOALI,NIL
Miliband,,NOALI,NIL
minimum wage,,NOALI,NIL
,Portugal-China,NOALI,NIL
pledges,,NOALI,NIL
waiting,,NOALI,NIL
of appeal,,NOALI,NIL
,for renewal,NOALI,NIL
,in striving,NOALI,NIL
,for China,NOALI,NIL
,New glories,NOALI,NIL
for result,,NOALI,NIL
Sniper,,NOALI,NIL
,to Nowhere,NOALI,NIL
,Face,NOALI,NIL
,a Route,NOALI,NIL
occupied Palestinian territory,occupied Palestinian territory,EQUI,5
Palestinians,Palestinians,EQUI,5
US peace talks blueprint,,NOALI,NIL
,,NOALI,NIL
rebuff,,NOALI,NIL
,,NOALI,NIL
,Hamas senior,NOALI,NIL
,denies,NOALI,NIL
,",",NOALI,NIL
on peace talks,on peace talks,EQUI,5
stances,,NOALI,NIL
coordinate,coordinated,EQUI,5
"Palestinians , Jordan",PA,REL,2
,Gaza,NOALI,NIL
5,at least ten,SPE1,3
in Pakistan,in Pakistan,EQUI,5
kills,kills,EQUI,5
Suspected U.S. drone strike,US drone strike,EQUI_FACT,4
to dispute,cop on,REL,3
murder charge,seven attempted murder charges,SPE2_FACT,3
` Blade Runner ' Pistorius,Pistorius,SPE1,4
detain,,NOALI,NIL
,on line,NOALI,NIL
Israeli forces,,NOALI,NIL
,Israeli credibility,NOALI,NIL
in Hebron arrest raid,,NOALI,NIL
,over Iran nuclear challenge,NOALI,NIL
2,,NOALI,NIL
,North Korean test ban,NOALI,NIL
,pressing,NOALI,NIL
amid violent protests,,NOALI,NIL
swears in,,NOALI,NIL
president,Former New Mexico Gov. Richardson,SPE2,3
Mexico,Former New Mexico Gov. Richardson,REL,3
killed,killed,EQUI,5
",",,NOALI,NIL
in clashes,in clashes,EQUI,5
wounded,,NOALI,NIL
,,NOALI,NIL
scores,,NOALI,NIL
Four,Student,SPE2,2
,Egypt violence,NOALI,NIL
across Egypt,at Cairo 's Islamic university,SPE2,2
of all foreigners,,NOALI,NIL
Syrian opposition,,NOALI,NIL
,S Korea opposition candidate,NOALI,NIL
urges,,NOALI,NIL
,poll gap,NOALI,NIL
captured,,NOALI,NIL
to assist,,NOALI,NIL
in Syria,,NOALI,NIL
,closes,NOALI,NIL
in immediate release,,NOALI,NIL
RF FM,,NOALI,NIL
Afghan police 5 Taliban fighters,"5 Taliban , 5 Afghan police",SPE2,3
,in ambushes,NOALI,NIL
kill,killed,EQUI,5
Russia,,NOALI,NIL
,Britain,NOALI,NIL
,Could Use,NOALI,NIL
,Assad,NOALI,NIL
of Its Chemical Weapons Stockpile,Chemical Weapons,SIMI,3
,Sees,NOALI,NIL
,Evidence,NOALI,NIL
Destroys,,NOALI,NIL
Over 75 %,,NOALI,NIL
,for Mali ground combat,NOALI,NIL
set,,NOALI,NIL
Suarez,,NOALI,NIL
for Cup comeback,,NOALI,NIL
,French set,NOALI,NIL
Mixed reactions,legalizes,REL,2
to NZ same-sex marriage,New Zealand same-sex marriage,EQUI,5
Somalia 's Shebab,Syrian rebels,SIMI,2
claims,claim,EQUI,5
responsibility,responsibility,EQUI,5
,for killings,NOALI,NIL
for Nairobi mall attack,,NOALI,NIL
,in Lebanon,NOALI,NIL
,At Least Six Dead,NOALI,NIL
Search,,NOALI,NIL
,,NOALI,NIL
Glasgow Helicopter Crash,Glasgow Helicopter Crash,EQUI,5
Ends,,NOALI,NIL
Braces,issues red alert,REL,3
India,India,EQUI,5
for Massive Cyclone,for cyclone Phailin,SPE2,4
Many,Many,EQUI,5
killed,killed,EQUI,5
in Japan road tunnel collapse,,NOALI,NIL
,in Syrian air strike,NOALI,NIL
Singapore shares,Singapore shares,EQUI,5
open,open,EQUI,5
on Friday,on Thursday,SIMI,4
lower,higher,OPPO,4
11 Dead,kill 89,SIMI,2
Hit,,NOALI,NIL
Northwest China,in China,SPE1,4
",",,NOALI,NIL
Two Earthquakes,Twin quakes,SIMI,4
to pro-Morsi protests,after pro-Morsi protest,EQUI,5
,Child,NOALI,NIL
,,NOALI,NIL
,in Cairo clashes,NOALI,NIL
again,,NOALI,NIL
,killed,NOALI,NIL
Egypt ministry,Egypt,REL,3
end,,NOALI,NIL
urges,,NOALI,NIL
Kenyan forces,Kenyan forces,EQUI,5
caused,caused,EQUI,5
mall collapse,mall collapse,EQUI,5
,says,NOALI_FACT,NIL
,Official,NOALI,NIL
500,to 580,SIMI,4
passes,climbs,SPE2,4
,,NOALI,NIL
death toll,death toll,EQUI,5
Bangladesh building disaster,Bangladesh building collapse,EQUI,5
South Africa,South Africa,EQUI,5
taken,remains,REL,3
,,NOALI,NIL
's Mandela,Mandela,EQUI,5
to hospital,in hospital,EQUI,5
drag,drag,EQUI,5
stocks,stocks,EQUI,5
,on Wall Street,NOALI,NIL
lower,lower,EQUI,5
Weak earnings,Weak earnings,EQUI,5
Liquid ammonia leak,Liquid ammonia leak,EQUI,5
in Shanghai,in Shanghai,EQUI,5
15,at least 15,SPE1,4
kills,kills,EQUI,5
amid new sexting scandal,latest online sex scandal,SPE2,4
's race,,NOALI,NIL
in NYC mayor,,NOALI,NIL
stays,,NOALI,NIL
Weiner,Weiner,EQUI,5
,shrugs off,NOALI,NIL
defects,defects,EQUI,5
Syria military police chief,Syria military police chief,EQUI,5
to opposition,to rebels,SIMI,2
,Teenagers,NOALI,NIL
in Belgian coach crash,in Belgian bus crash,EQUI,5
Five killed,among 5 dead,EQUI,5
',,NOALI,NIL
,police,NOALI,NIL
,",",NOALI,NIL
Swiss tourist,Swiss tourist,EQUI,5
,say,NOALI_FACT,NIL
gang-raped,gang raped,EQUI,5
`,,NOALI,NIL
in India,in India,EQUI,5
strike,launches,EQUI,5
Israel planes,Israel airstrike,EQUI,5
inside Syria,into Syria,EQUI,5
to change,to changes,EQUI,5
at BoE,at Bank of England,EQUI,5
high bar,high bar,EQUI,5
Carney,Carney,EQUI,5
sets,sets,EQUI,5
kill,kill,EQUI,5
Gunmen,Gunmen,EQUI,5
in northern Pakistan,in Pakistan,SPE1,4
10 foreign tourists,11 foreign climbers,SPE2,4
Doctor Who,'s Doctor Who,EQUI,5
after 4 years,,NOALI,NIL
Matt Smith,Matt Smith,EQUI,5
to leave,quits,EQUI,5
,BBC,NOALI,NIL
China Yuan,China yuan,EQUI,5
to 6.168,to 6.1696,SIMI,4
Monday,Thursday,SIMI,3
Strengthens,strengthens,EQUI,5
against USD,against USD,EQUI,5
Ex-first lady Barbara Bush,Former first lady Barbara Bush,EQUI,5
leaves,leaves,EQUI,5
Texas hospital,hospital,SPE1,4
11,Eleven,EQUI,5
killed,killed,EQUI,5
in Chinese police station attack,in China police station attack,EQUI,5
50,50,EQUI,5
killed,killed,EQUI,5
crashes,crashes,EQUI,5
,",",NOALI,NIL
in Russia,in Russian city of Kazan,SPE2,4
Boeing airliner,Boeing airliner,EQUI,5
",",,NOALI,NIL
,",",NOALI,NIL
as New York mayor,as New York mayor,EQUI,5
succeeding,succeeding,EQUI,5
De Blasio,Bill De Blasio,EQUI,5
sworn in,sworn in,EQUI,5
Bloomberg,Michael Bloomberg,EQUI,5
",",,NOALI,NIL
from jail,from jail,EQUI,5
in Russia,,NOALI,NIL
Pussy Riot member Alyokhina,Pussy Riot member Maria Alyokhina,EQUI,5
released,freed,EQUI,5
at San Francisco airport,at San Francisco airport,EQUI,5
crash lands,crash lands,EQUI,5
Asiana jet,Plane,SPE1,4
"1,900",,NOALI,NIL
on the lines,,NOALI,NIL
,but,NOALI,NIL
to limit damage,,NOALI,NIL
,grows,NOALI,NIL
,,NOALI,NIL
California wildfire,California wildfire,EQUI,5
,officials,NOALI,NIL
,say,NOALI_FACT,NIL
as firefighters,fire crews,EQUI,5
-LRB- + video -RRB-,,NOALI,NIL
labor,making progress,SIMI,4
,after he,NOALI,NIL
responding,,NOALI,NIL
to treatment,,NOALI,NIL
hospitalized,hospitalised,EQUI,5
",",,NOALI,NIL
,talking,NOALI,NIL
Mandela,Mandela,EQUI,5
,stops,NOALI,NIL
army headquarters,army headquarters,EQUI,5
break into,storm,EQUI,5
Thai protesters,Thai protesters,EQUI,5
Egypt 's main opposition,Egypt opposition,SPE1,4
rejects,mulls response,SPE1,3
president 's call for dialogue,to Morsi dialogue call,EQUI,5
6.8 %,6.8 %,EQUI,5
starts up,Starts Up,EQUI,5
Housing in May,May Housing,EQUI,5
-RRB-,,NOALI_FACT,NIL
assumes,to Take Over,EQUI,5
's Castro,'s Castro,EQUI,5
Cuba,Cuba,EQUI,5
CELAC presidency,CELAC Presidency,EQUI,5
,still,NOALI,NIL
trapped,trapped,EQUI,5
feared,,NOALI,NIL
in India building collapse,in India building collapse,EQUI,5
Dozens,20,SPE2,3
,to find,NOALI,NIL
,Rescuers,NOALI,NIL
,race,NOALI,NIL
Cardinals,Cardinals,EQUI,5
Vatican,Sistine Chapel,SPE2,4
enter,enter,EQUI,5
for historic vote,to elect pope,SPE1,4
for speeding,for speeding,EQUI,5
Zimmerman,Zimmerman,EQUI,5
released,,NOALI,NIL
in Texas,in Texas,EQUI,5
stopped,pulled over,EQUI,5
with warning,given warning,EQUI,5
,",",NOALI,NIL
",",,NOALI,NIL
unveils,unveils,EQUI,5
to Pacific,to Pacific,EQUI,5
$ 30 billion oil link,$ 25bn oil link,EQUI,5
Russia,Russia,EQUI,5
hits,hits,EQUI,5
,,NOALI,NIL
CENC,,NOALI_FACT,NIL
Pakistan,SW Pakistan,SPE2,4
7.2-magnitude quake,7.7-magnitude earthquake,SIMI,4
zips,passes,SIMI,4
between Earth and satellites,Earth in fly-by,SPE1,3
Asteroid,Asteroid,EQUI,5
,Zimbabwe,NOALI,NIL
Mugabe,Mugabe,EQUI,5
declared,declared,EQUI,5
of disputed elections,in disputed vote,EQUI,5
winner,winner,EQUI,5
,,NOALI,NIL
Muslim Brotherhood,Muslim Brotherhood ` activities ',SPE2,4
bans,bans,EQUI,5
Egyptian court,Egypt court,EQUI,5
by the Spokesperson,by the spokesperson,EQUI,5
in Iraq,in Iraq,EQUI,5
on the latest spate,on the resumption,SIMI,4
,",",NOALI,NIL
of High Representative Catherine Ashton,"of the EU High Representative , Catherine Ashton",SPE2,4
of attacks,of executions,SPE2,4
Statement,Statement,EQUI,5
agains NSA leaker,against Snowden over leaks,EQUI,5
files,files,EQUI,5
espionage charges,espionage charges,EQUI,5
U.S.,US,EQUI,5
Chinese general,Chinese general,EQUI,5
's son,'s son,EQUI,5
gets,gets,EQUI,5
10 years jail,10 years ' jail,EQUI,5
for rape,for gang-rape,SPE2,4
Moderate earthquake,Moderate earthquake,EQUI,5
jolts,hits,EQUI,5
NW Pakistan,southern Pakistan,SIMI,3
on Morsi Supporters,on Mohamed Morsi supporters,EQUI,5
Backs,backs,EQUI,5
Iraq,Iraq,EQUI,5
Egypt Crackdown,Egypt crackdown,EQUI,5
"Hrithik Roshan , wife Sussanne","Hrithik Roshan , Sussanne",EQUI,5
part ways,to divorce,EQUI,5
in Russia plane crash,in Italy coach crash,SIMI,1
rises,rises,EQUI,5
Death toll,Death toll,EQUI,5
,to 39,NOALI,NIL
funeral,,NOALI,NIL
Suicide bomber,Suicide bomber,EQUI,5
hits,strikes,SIMI,4
in Iraq,in Syria,SIMI,2
,Keita,NOALI,NIL
Iranians,,NOALI,NIL
in Presidential Election,Mali Presidential Election,SPE2,3
,Wins,NOALI,NIL
Vote,,NOALI,NIL
in Pak,in NW Pakistan,SPE2,4
,killed,NOALI,NIL
,6,NOALI,NIL
against US drone strikes,in U.S. drone strike,EQUI,5
Protest,,NOALI,NIL
postponed,,NOALI,NIL
Suicide bomber,Suicide bombers,SIMI,4
in Afghanistan,in Afghanistan,EQUI,5
kills,attack,SPE1,4
3,,NOALI,NIL
at US base,US base,EQUI,5
,U.S. trade agency rules,NOALI,NIL
misses,,NOALI,NIL
",",,NOALI,NIL
iPhone,iPhone 4 imports,SPE2,2
again,,NOALI,NIL
,bans,NOALI,NIL
disappoints,,NOALI,NIL
,",",NOALI,NIL
Apple revenue,for Samsung,REL,3
killed,killed,EQUI,5
23,10,SIMI,3
in Iraq car bombings,in Iraq bomb attack,SPE1,4
survives,survives,EQUI,5
Egypt minister,Syrian prime minister,SIMI,2
assassination attempt,assassination attempt,EQUI,5
,',NOALI,NIL
,`,NOALI,NIL
's execution,executed,EQUI,5
2 dead,,NOALI,NIL
over Jamaat leader,Bangladesh Islamist leader,SIMI,4
in Bangladesh clashes over Jamaat leader,Bangladesh Islamist leader,REL,4
,,NOALI,NIL
540,"1,000",SIMI,3
hits,passes,SPE1,4
army,,NOALI,NIL
Bangladesh building collapse death toll,Bangladesh building collapse death toll,EQUI,5
China,China and Taiwan,SPE2,3
to resume,hold,SPE1,3
US investment talks,historic talks,SPE1,2
kills,kills,EQUI,5
soldiers,16,SPE1,1
Yemen suicide bombing,Female suicide bomber,SIMI,2
,at Russian station,NOALI,NIL
fire,fire,EQUI,5
protesters,at protesters,EQUI,5
to disperse,,NOALI,NIL
in Tunis,in Cairo,SIMI,2
tear gas,tear gas,EQUI,5
Police,Police,EQUI,5
Tokyo 2020 Olympic Games,in 2020 Tokyo Olympics,EQUI,5
,Wrestling,NOALI,NIL
to host,,NOALI,NIL
,to feature,NOALI,NIL
Nelson Mandela,Nelson Mandela,EQUI,5
taken,released,OPPO,4
to hospital,from hospital,OPPO,4
set,,NOALI,NIL
,loses,NOALI,NIL
of Abu Qatada,radical cleric Abu Qatada,SPE2,4
,bid,NOALI,NIL
to deport,to deport,EQUI,5
Britain,Britain,EQUI,5
Continue,,NOALI,NIL
as Thais Protest,Thai protest day,SPE2,4
,of polls,NOALI,NIL
in Bangkok,,NOALI,NIL
"Shots , Explosions","Gunshots , explosions",SPE2,4
,rock,NOALI,NIL
,ahead,NOALI,NIL
Heard,,NOALI,NIL
Kaesong access,,NOALI,NIL
,vows,NOALI,NIL
,to restart,NOALI,NIL
,nuclear facilities,NOALI,NIL
North Korea,North Korea,EQUI,5
blocks,,NOALI,NIL
in History,in History,EQUI,5
Today,Today,EQUI,5
,",",NOALI,NIL
",",,NOALI,NIL
April 23,Jan. 21,SIMI,3
of Talibanisation,About Israeli Airstrikes,REL,2
in Syria,in Syria,EQUI,5
Iran,"Russia , China",SPE2,2
,Concerned,NOALI,NIL
warns,,NOALI,NIL
's Rouhani,,NOALI,NIL
in Colo. home,in US home,SPE1,4
",",,NOALI,NIL
find,,NOALI,NIL
3 more dead,4 dead,SPE2,3
Police,after police,EQUI,5
kill,standoff,SPE1,3
,barricaded,NOALI,NIL
gunman,with gunman,EQUI,5
,,,
,,,
,,,
,,,
,,,
,,,
,,,
,,,
,,,
,,,
,,,
,,,
,,,
,,,
,,,
,,,
,,,
,,,
,,,
,,,
,,,
,,,
,,,
,,,
,,,
,,,
,,,
,,,
,,,
,,,
,,,
,,,
,,,
,,,
,,,
,,,
,,,
,,,
,,,
,,,
,,,
,,,
,,,
,,,
,,,
,,,
,,,
,,,
,,,
,,,
,,,
,,,
,,,
,,,
,,,
,,,
,,,
,,,
,,,
,,,
,,,
,,,
,,,
,,,
,,,
,,,
,,,
,,,
,,,
,,,
,,,
,,,
,,,
,,,
,,,
,,,
,,,
,,,
,,,
,,,
,,,
,,,
,,,
,,,
,,,
,,,
,,,
,,,
,,,
,,,
,,,
,,,
,,,
,,,
,,,
,,,
,,,
,,,
,,,
,,,
,,,
,,,
,,,
,,,
,,,
,,,
,,,
,,,
,,,
,,,
,,,
,,,
,,,
,,,
,,,
,,,
,,,
,,,
,,,
,,,
,,,
,,,
,,,
,,,
,,,
,,,
,,,
,,,
,,,
,,,
,,,
,,,
,,,
,,,
,,,
,,,
,,,
,,,
,,,
,,,
,,,
,,,
,,,
,,,
,,,
,,,
,,,
,,,
,,,
,,,
,,,
,,,
,,,
,,,
,,,
,,,
,,,
,,,
,,,
,,,
,,,
,,,
,,,
,,,
,,,
,,,
,,,
,,,
,,,
,,,
,,,
,,,
,,,
,,,
,,,
,,,
,,,
,,,
,,,
,,,
,,,
,,,
,,,
,,,
,,,
,,,
,,,
,,,
,,,
,,,
,,,
,,,
,,,
,,,
,,,
,,,
,,,
,,,
,,,
,,,
,,,
,,,
,,,
,,,
,,,
,,,
,,,
,,,
,,,
,,,
,,,
,,,
,,,
,,,
,,,
,,,
,,,
,,,
,,,
,,,
,,,
,,,
,,,
,,,
,,,
,,,
,,,
,,,
,,,
,,,
,,,
,,,
,,,
,,,
,,,
,,,
,,,
,,,
,,,
,,,
,,,
,,,
,,,
,,,
,,,
,,,
,,,
,,,
,,,
,,,
,,,
,,,
,,,
,,,
,,,
,,,
,,,
,,,
,,,
,,,
,,,
,,,
,,,
,,,
,,,
,,,
,,,
,,,
,,,
,,,
,,,
,,,
,,,
,,,
,,,
,,,
,,,
,,,
,,,
,,,
,,,
,,,
,,,
,,,
,,,
,,,
,,,
,,,
,,,
,,,
,,,
,,,
,,,
,,,
,,,
,,,
,,,
,,,
,,,
,,,
,,,
,,,
,,,
,,,
,,,
,,,
,,,
,,,
,,,
,,,
,,,
,,,
,,,
,,,
,,,
,,,
,,,
,,,
,,,
,,,
,,,
,,,
,,,
,,,
,,,
,,,
,,,
,,,
,,,
,,,
,,,
,,,
,,,
,,,
,,,
,,,
,,,
,,,
,,,
,,,
,,,
,,,
,,,
,,,
,,,
,,,
,,,
,,,
,,,
,,,
,,,
,,,
,,,
,,,
,,,
,,,
,,,
,,,
,,,
,,,
,,,
,,,
,,,
,,,
,,,
,,,
,,,
,,,
,,,
,,,
,,,
,,,
,,,
,,,
,,,
,,,
,,,
,,,
,,,
,,,
,,,
,,,
,,,
,,,
,,,
,,,
,,,
,,,
,,,
,,,
,,,
,,,
,,,
,,,
,,,
,,,
,,,
,,,
,,,
,,,
,,,
,,,
,,,
,,,
,,,
,,,
,,,
,,,
,,,
,,,
,,,
,,,
,,,
,,,
,,,
,,,
,,,
,,,
,,,
,,,
,,,
,,,
,,,
,,,
,,,
,,,
,,,
,,,
,,,
,,,
,,,
,,,
,,,
,,,
,,,
,,,
,,,
,,,
,,,
,,,
,,,
,,,
,,,
,,,
,,,
,,,
,,,
,,,
,,,
,,,
,,,
,,,
,,,
,,,
,,,
,,,
,,,
,,,
,,,
,,,
,,,
,,,
,,,
